{"total_receipts":{"ADESHINA, YINKA ABOSEDE":45540.0,"ALLEN-REESE, POGO MOCHELLO":31943.7,"BROWN, HARLEY D":22515.09,"BUSH, JEB":35491191.4799999967,"CARSON, BENJAMIN S SR MD":65091035.9699999988,"CARTER, WILLIE FELIX":37679.0,"CASTLE, DARRELL LANE":72264.72,"CHAFEE, LINCOLN DAVENPORT MR.":418135.75,"CHRISTENSEN, DALE H":60160.71,"CHRISTIE, CHRISTOPHER J":8770288.7599999998,"CLINTON, HILLARY RODHAM \/ TIMOTHY MICHAEL KAINE":585699061.2699999809,"CRUZ, RAFAEL EDWARD \"TED\"":94338654.8400000036,"DE  LA  FUENTE, ROQUE ROCKY":8075959.7300000004,"DUCKWALD, WANDA GAYLE":17387.0,"EVERSON, MARK":430737.48,"FIORINA, CARLY":12211897.4100000001,"FOX, CHERUNDA LYNN":36412.0,"GILMORE, JAMES S III":391436.44,"GRAHAM, LINDSEY O":6010010.2000000002,"HILL, CHRISTOPHER V":64719.0,"HUCKABEE, MIKE":4335975.3799999999,"JINDAL, BOBBY":1442463.52,"JOHNSON, GARY \/ WILLIAM \"BILL\" WELD":12193984.0800000001,"KASICH, JOHN R":19692691.2300000004,"KELSO, LLOYD THOMAS":62776.0,"LA RIVA, GLORIA ESTELA":31408.0,"LYNCH, DENNIS M":28875.0,"LYNCH, DENNIS MICHAEL":28875.0,"LYNCH, FRANK":20310.0,"LYNCH, JAMES P SR":43376.0,"MCAFEE, JOHN DAVID":52247.23,"MCMULLIN, EVAN \/ MINDY FINN":1644102.2,"O'MALLEY, MARTIN JOSEPH":6377550.4199999999,"PATAKI, GEORGE E":539999.55,"PAUL, RAND":12458992.1099999994,"PERRY, JAMES R (RICK)":1427133.28,"PETERSEN, AUSTIN WADE":115433.21,"RUBIO, MARCO":48331861.9900000021,"SANDERS, BERNARD":237640609.5200000107,"SANTORUM, RICHARD J.":2296044.1400000001,"SHEPARD, JACK EDWARD":20000.0,"SHERMAN, JEFFERSON WOODSON":23973.0,"STEIN, JILL":11499548.5500000007,"TRUMP, DONALD J. \/ MICHAEL R. PENCE ":350668435.6999999881,"VALENTINE, JAMES":52600.0,"WALKER, SCOTT":9509870.8100000005,"WEBB, JAMES":776828.4300000001,"WEISS, JUDD":24991.0,"WELLS, ROBERT CARR JR":54446.0,"WILSON, WILLIE":1100421.6499999999},"cash_on_hand_end_period":{"ADESHINA, YINKA ABOSEDE":1000.0,"ALLEN-REESE, POGO MOCHELLO":0.0,"BROWN, HARLEY D":1918.42,"BUSH, JEB":55306.05,"CARSON, BENJAMIN S SR MD":560750.51,"CARTER, WILLIE FELIX":97.0,"CASTLE, DARRELL LANE":4200.94,"CHAFEE, LINCOLN DAVENPORT MR.":-28.05,"CHRISTENSEN, DALE H":-2285.28,"CHRISTIE, CHRISTOPHER J":27656.58,"CLINTON, HILLARY RODHAM \/ TIMOTHY MICHAEL KAINE":323317.48,"CRUZ, RAFAEL EDWARD \"TED\"":33851.52,"DE  LA  FUENTE, ROQUE ROCKY":1046.08,"DUCKWALD, WANDA GAYLE":3000.0,"EVERSON, MARK":0.0,"FIORINA, CARLY":799587.4399999999,"FOX, CHERUNDA LYNN":0.0,"GILMORE, JAMES S III":568.05,"GRAHAM, LINDSEY O":0.0,"HILL, CHRISTOPHER V":0.0,"HUCKABEE, MIKE":5557.58,"JINDAL, BOBBY":0.0,"JOHNSON, GARY \/ WILLIAM \"BILL\" WELD":6299.61,"KASICH, JOHN R":158566.66,"KELSO, LLOYD THOMAS":-37238.0,"LA RIVA, GLORIA ESTELA":0.0,"LYNCH, DENNIS M":0.0,"LYNCH, DENNIS MICHAEL":0.0,"LYNCH, FRANK":0.0,"LYNCH, JAMES P SR":0.0,"MCAFEE, JOHN DAVID":16430.5,"MCMULLIN, EVAN \/ MINDY FINN":1936.33,"O'MALLEY, MARTIN JOSEPH":92368.71,"PATAKI, GEORGE E":4778.29,"PAUL, RAND":6492.92,"PERRY, JAMES R (RICK)":1818.05,"PETERSEN, AUSTIN WADE":0.0,"RUBIO, MARCO":112614.3,"SANDERS, BERNARD":5455167.9000000004,"SANTORUM, RICHARD J.":110242.76,"SHEPARD, JACK EDWARD":19846.0,"SHERMAN, JEFFERSON WOODSON":0.0,"STEIN, JILL":127251.43,"TRUMP, DONALD J. \/ MICHAEL R. PENCE ":7611702.9199999999,"VALENTINE, JAMES":45054.99,"WALKER, SCOTT":71869.96,"WEBB, JAMES":644.61,"WEISS, JUDD":0.0,"WELLS, ROBERT CARR JR":0.0,"WILSON, WILLIE":0.0}}